{
  "RT_GROUP_ICON": {
    "APP": {
      "0000": [
        "icon.png",
        "icon16.png"
      ]
    }
  },
  "RT_MANIFEST": {
    "#1": {
      "0409": {
        "identity": {
          "name": "ZeroBot-Plugin",
          "version": "1.8.2.2048"
        },
        "description": "",
        "minimum-os": "vista",
        "execution-level": "as invoker",
        "ui-access": false,
        "auto-elevate": false,
        "dpi-awareness": "system",
        "disable-theming": false,
        "disable-window-filtering": false,
        "high-resolution-scrolling-aware": false,
        "ultra-high-resolution-scrolling-aware": false,
        "long-path-aware": false,
        "printer-driver-isolation": false,
        "gdi-scaling": false,
        "segment-heap": false,
        "use-common-controls-v6": false
      }
    }
  },
  "RT_VERSION": {
    "#1": {
      "0000": {
        "fixed": {
          "file_version": "1.8.2.2048",
          "product_version": "v1.8.2",
          "timestamp": "2024-09-04T00:23:43+08:00"
        },
        "info": {
          "0409": {
            "Comments": "OneBot plugins based on ZeroBot",
            "CompanyName": "FloatTech",
            "FileDescription": "https://github.com/FloatTech/ZeroBot-Plugin",
            "FileVersion": "1.8.2.2048",
            "InternalName": "",
            "LegalCopyright": "© 2020 - 2024 FloatTech. All Rights Reserved.",
            "LegalTrademarks": "",
            "OriginalFilename": "ZBP.EXE",
            "PrivateBuild": "",
            "ProductName": "ZeroBot-Plugin",
            "ProductVersion": "v1.8.2",
            "SpecialBuild": ""
          }
        }
      }
    }
  }
}